filename,width,height,class,xmin,ymin,xmax,ymax
can_img283.jpg,800,600,can,327,240,650,523
can_img239.jpg,800,600,can,67,104,630,553
can_img334.jpg,800,600,can,1,72,447,526
can_img365.jpg,800,600,can,1,226,446,526
adimg39.jpg,278,181,can,103,9,185,155
adimg39.jpg,278,181,can,188,8,265,149
can_img58.jpg,800,600,can,81,58,411,237
can_img58.jpg,800,600,can,451,92,780,266
can_img58.jpg,800,600,can,482,276,681,403
can_img58.jpg,800,600,can,308,258,511,438
can_img58.jpg,800,600,can,44,222,293,372
adimg24.jpg,225,225,can,110,49,163,132
img157.jpg,600,450,can,133,147,548,434
can_img341.jpg,800,600,can,20,74,483,520
img17.jpg,600,450,can,5,171,600,447
img115.jpg,600,450,can,163,151,526,446
can_img107.jpg,800,600,can,233,159,527,466
img107.jpg,600,450,can,61,6,493,442
can_img345.jpg,800,600,can,106,127,590,526
img149.jpg,600,450,can,45,122,541,369
can_img358.jpg,800,600,can,40,76,527,511
can_img314.jpg,800,600,can,1,109,501,521
img97.jpg,600,450,can,89,5,597,358
img42.jpg,600,450,can,127,45,594,391
can_img331.jpg,800,600,can,52,83,481,508
adimg89.jpg,275,183,can,58,69,114,161
can_img294.jpg,800,600,can,38,76,484,327
img44.jpg,600,450,can,99,57,581,391
can_img215.jpg,800,600,can,100,191,554,523
img8.jpg,600,450,can,5,68,595,409
can_img35.jpg,800,600,can,160,77,642,534
can_img127.jpg,800,600,can,148,81,622,528
can_img356.jpg,800,600,can,73,214,538,523
can_img67.jpg,800,600,can,173,45,417,544
can_img67.jpg,800,600,can,441,241,725,526
can_img144.jpg,800,600,can,238,155,536,511
can_img113.jpg,800,600,can,232,36,554,323
can_img90.jpg,800,600,can,748,235,799,438
can_img90.jpg,800,600,can,696,216,750,437
can_img90.jpg,800,600,can,641,199,703,447
can_img90.jpg,800,600,can,546,169,649,459
can_img90.jpg,800,600,can,432,132,552,475
can_img90.jpg,800,600,can,257,76,443,502
can_img90.jpg,800,600,can,9,2,249,532
can_img275.jpg,800,600,can,79,148,697,525
adimg16.jpg,225,225,can,33,32,194,192
adimg25.jpg,264,191,can,136,4,229,165
adimg25.jpg,264,191,can,38,9,130,161
can_img231.jpg,800,600,can,110,140,581,519
img154.jpg,600,450,can,2,3,389,433
can_img59.jpg,800,600,can,186,77,727,525
can_img198.jpg,800,600,can,228,127,529,559
can_img130.jpg,800,600,can,226,172,532,521
can_img226.jpg,800,600,can,159,75,624,522
adimg53.jpg,177,284,can,23,29,161,270
adimg71.jpg,275,183,can,103,34,171,158
img148.jpg,600,450,can,16,2,490,437
can_img95.jpg,800,600,can,126,32,676,521
img35.jpg,600,450,can,55,4,574,445
img174.jpg,600,450,can,117,126,597,445
img11.jpg,600,450,can,7,61,500,444
img65.jpg,600,450,can,97,103,585,446
can_img418.jpg,800,600,can,27,57,777,600
can_img383.jpg,800,600,can,21,134,681,523
can_img348.jpg,800,600,can,263,72,651,426
img171.jpg,600,450,can,33,122,548,445
can_img286.jpg,800,600,can,92,72,454,334
img150.jpg,600,450,can,32,24,600,366
can_img353.jpg,800,600,can,1,94,305,529
can_img119.jpg,800,600,can,144,133,622,523
can_img458.jpg,800,600,can,200,93,602,600
img61.jpg,600,450,can,102,147,561,446
img59.jpg,600,450,can,102,131,562,443
img29.jpg,600,450,can,3,19,462,447
img105.jpg,600,450,can,234,144,531,444
can_img102.jpg,800,600,can,68,118,644,569
can_img194.jpg,800,600,can,227,32,569,600
can_img335.jpg,800,600,can,0,75,448,521
can_img25.jpg,800,600,can,226,38,750,559
img38.jpg,600,450,can,62,29,546,447
adimg56.jpg,255,198,can,124,6,221,188
can_img330.jpg,800,600,can,42,78,475,512
can_img453.jpg,800,600,can,42,134,777,568
img49.jpg,600,450,can,223,25,597,354
can_img94.jpg,800,600,can,90,71,362,545
can_img94.jpg,800,600,can,456,81,720,554
img177.jpg,600,450,can,2,213,410,446
can_img332.jpg,800,600,can,1,75,459,523
can_img236.jpg,800,600,can,144,228,562,523
can_img96.jpg,800,600,can,195,91,616,506
can_img339.jpg,800,600,can,1,75,345,523
adimg54.jpg,399,600,can,49,25,351,568
img161.jpg,600,450,can,12,66,399,407
adimg20.jpg,264,191,can,12,26,89,158
adimg20.jpg,264,191,can,91,26,174,158
adimg20.jpg,264,191,can,176,27,254,161
adimg35.jpg,265,190,can,27,12,123,175
adimg35.jpg,265,190,can,144,16,237,172
can_img79.jpg,800,600,can,485,112,640,221
can_img79.jpg,800,600,can,422,124,582,253
can_img79.jpg,800,600,can,352,143,512,290
can_img79.jpg,800,600,can,195,324,385,477
can_img79.jpg,800,600,can,121,342,299,502
can_img79.jpg,800,600,can,274,297,435,434
can_img79.jpg,800,600,can,341,268,507,401
can_img79.jpg,800,600,can,507,292,572,368
can_img79.jpg,800,600,can,559,261,631,348
can_img79.jpg,800,600,can,604,195,676,270
can_img200.jpg,800,600,can,162,162,489,504
img104.jpg,600,450,can,279,13,514,444
can_img304.jpg,800,600,can,90,74,516,344
img158.jpg,600,450,can,248,71,597,396
can_img282.jpg,800,600,can,192,209,596,521
can_img443.jpg,800,600,can,137,80,634,569
can_img222.jpg,800,600,can,25,248,527,525
can_img134.jpg,800,600,can,237,97,570,555
can_img220.jpg,800,600,can,1,84,361,524
can_img413.jpg,800,600,can,241,153,569,492
can_img201.jpg,800,600,can,161,204,568,520
can_img212.jpg,800,600,can,99,123,590,521
can_img114.jpg,800,600,can,234,93,567,568
can_img305.jpg,800,600,can,66,76,485,348
img151.jpg,600,450,can,0,126,408,408
can_img210.jpg,800,600,can,41,123,565,519
img130.jpg,600,450,can,162,127,600,400
img95.jpg,600,450,can,141,2,597,376
can_img139.jpg,800,600,can,1,77,521,524
can_img45.jpg,800,600,can,76,76,372,304
can_img45.jpg,800,600,can,407,134,685,405
can_img45.jpg,800,600,can,159,350,436,522
can_img45.jpg,800,600,can,455,426,725,522
can_img45.jpg,800,600,can,721,233,799,514
can_img45.jpg,800,600,can,656,77,800,211
can_img45.jpg,800,600,can,1,213,85,468
can_img155.jpg,800,600,can,234,112,570,600
img120.jpg,600,450,can,123,2,488,400
can_img153.jpg,800,600,can,237,162,545,581
can_img265.jpg,800,600,can,1,77,388,525
can_img311.jpg,800,600,can,57,73,510,365
can_img264.jpg,800,600,can,30,94,552,525
can_img269.jpg,800,600,can,156,114,603,525
can_img217.jpg,800,600,can,79,77,611,525
can_img57.jpg,800,600,can,19,34,268,555
can_img57.jpg,800,600,can,266,59,527,571
can_img57.jpg,800,600,can,524,40,778,549
can_img5.jpg,800,600,can,67,111,797,600
can_img41.jpg,800,600,can,20,247,302,341
can_img41.jpg,800,600,can,323,230,603,332
can_img41.jpg,800,600,can,571,207,780,287
can_img41.jpg,800,600,can,46,327,409,473
can_img41.jpg,800,600,can,457,317,783,447
can_img403.jpg,800,600,can,150,55,647,554
can_img295.jpg,800,600,can,32,75,492,360
adimg12.jpg,147,343,can,7,10,138,338
adimg13.jpg,275,183,can,32,7,82,168
adimg13.jpg,275,183,can,76,6,137,181
adimg13.jpg,275,183,can,129,7,216,183
adimg13.jpg,275,183,can,216,3,273,183
img129.jpg,600,450,can,127,162,501,350
can_img245.jpg,800,600,can,24,75,567,379
can_img384.jpg,800,600,can,1,77,606,523
can_img414.jpg,800,600,can,233,144,566,475
can_img7.jpg,800,600,can,1,252,260,445
can_img7.jpg,800,600,can,555,260,800,448
can_img223.jpg,800,600,can,108,75,681,523
can_img159.jpg,800,600,can,234,75,546,580
can_img29.jpg,800,600,can,205,93,639,506
adimg37.jpg,176,280,can,26,25,153,253
can_img259.jpg,800,600,can,296,73,800,523
can_img53.jpg,800,600,can,173,66,480,471
can_img344.jpg,800,600,can,146,75,571,526
img9.jpg,600,450,can,148,38,592,400
can_img400.jpg,800,600,can,96,4,703,600
can_img373.jpg,800,600,can,262,126,800,521
can_img338.jpg,800,600,can,0,84,413,523
can_img409.jpg,800,600,can,161,76,607,516
can_img389.jpg,800,600,can,17,79,788,563
adimg68.jpg,244,206,can,19,25,113,182
adimg68.jpg,244,206,can,116,77,226,185
img85.jpg,600,450,can,21,72,439,345
img39.jpg,600,450,can,50,19,539,446
can_img362.jpg,800,600,can,265,153,800,525
img108.jpg,600,450,can,92,3,468,302
img55.jpg,600,450,can,31,96,491,447
can_img355.jpg,800,600,can,172,72,607,379
img56.jpg,600,450,can,85,77,512,401
adimg63.jpg,275,183,can,200,131,275,183
adimg63.jpg,275,183,can,123,138,210,183
adimg63.jpg,275,183,can,40,139,124,183
adimg63.jpg,275,183,can,1,129,50,183
adimg63.jpg,275,183,can,0,74,63,142
adimg63.jpg,275,183,can,64,80,126,139
adimg63.jpg,275,183,can,132,81,194,138
adimg63.jpg,275,183,can,192,69,249,123
adimg63.jpg,275,183,can,256,68,275,117
adimg63.jpg,275,183,can,242,34,275,70
adimg63.jpg,275,183,can,193,32,233,65
adimg63.jpg,275,183,can,143,47,199,80
adimg63.jpg,275,183,can,97,37,147,81
adimg63.jpg,275,183,can,50,32,93,69
adimg63.jpg,275,183,can,2,24,44,67
adimg63.jpg,275,183,can,24,1,62,29
adimg63.jpg,275,183,can,64,1,107,32
adimg63.jpg,275,183,can,107,6,143,38
adimg63.jpg,275,183,can,147,14,184,42
adimg63.jpg,275,183,can,186,9,220,35
adimg63.jpg,275,183,can,228,6,270,35
can_img296.jpg,800,600,can,56,74,495,364
can_img268.jpg,800,600,can,79,90,634,524
can_img98.jpg,800,600,can,692,374,733,557
can_img98.jpg,800,600,can,582,369,688,548
can_img98.jpg,800,600,can,466,368,579,551
can_img98.jpg,800,600,can,356,364,465,551
can_img98.jpg,800,600,can,241,361,353,557
can_img98.jpg,800,600,can,125,360,233,548
can_img98.jpg,800,600,can,70,356,124,554
can_img98.jpg,800,600,can,695,245,734,372
can_img98.jpg,800,600,can,576,236,693,366
can_img98.jpg,800,600,can,464,240,578,366
can_img98.jpg,800,600,can,352,239,464,375
can_img98.jpg,800,600,can,237,237,351,365
can_img98.jpg,800,600,can,124,232,239,367
can_img98.jpg,800,600,can,70,230,125,357
can_img98.jpg,800,600,can,691,127,730,241
can_img98.jpg,800,600,can,578,116,691,239
can_img98.jpg,800,600,can,463,117,578,239
can_img98.jpg,800,600,can,349,117,460,238
can_img98.jpg,800,600,can,237,116,350,237
can_img98.jpg,800,600,can,124,115,237,233
can_img98.jpg,800,600,can,69,113,122,237
can_img98.jpg,800,600,can,694,1,731,127
can_img98.jpg,800,600,can,578,1,689,122
can_img98.jpg,800,600,can,468,1,576,121
can_img98.jpg,800,600,can,353,1,464,120
can_img98.jpg,800,600,can,238,1,349,119
can_img98.jpg,800,600,can,129,2,241,114
can_img98.jpg,800,600,can,69,1,123,115
can_img213.jpg,800,600,can,87,116,584,521
can_img310.jpg,800,600,can,45,76,517,369
img155.jpg,600,450,can,5,69,589,443
img21.jpg,600,450,can,136,8,514,362
adimg66.jpg,259,194,can,70,2,183,187
img89.jpg,600,450,can,62,279,497,446
can_img172.jpg,800,600,can,226,75,569,593
can_img22.jpg,800,600,can,171,59,632,519
img4.jpg,600,450,can,180,113,600,337
can_img116.jpg,800,600,can,232,235,514,545
img113.jpg,600,450,can,166,118,531,449
can_img219.jpg,800,600,can,2,73,394,521
adimg33.jpg,317,159,can,13,18,83,132
adimg33.jpg,317,159,can,87,18,157,134
adimg33.jpg,317,159,can,162,14,227,132
adimg33.jpg,317,159,can,234,17,302,135
can_img133.jpg,800,600,can,3,102,511,523
can_img151.jpg,800,600,can,352,82,688,496
can_img228.jpg,800,600,can,48,85,575,519
can_img87.jpg,800,600,can,16,13,208,185
can_img87.jpg,800,600,can,0,201,194,371
can_img87.jpg,800,600,can,12,392,211,596
can_img87.jpg,800,600,can,215,9,399,192
can_img87.jpg,800,600,can,213,199,405,376
can_img87.jpg,800,600,can,220,389,415,595
can_img87.jpg,800,600,can,418,384,620,600
can_img87.jpg,800,600,can,413,182,595,380
can_img87.jpg,800,600,can,407,4,580,178
can_img87.jpg,800,600,can,599,3,791,161
can_img87.jpg,800,600,can,622,173,800,384
can_img87.jpg,800,600,can,635,398,800,600
can_img333.jpg,800,600,can,3,76,450,528
can_img417.jpg,800,600,can,87,31,800,565
adimg65.jpg,272,185,can,81,8,177,177
can_img364.jpg,800,600,can,2,125,301,527
can_img293.jpg,800,600,can,92,76,548,391
img100.jpg,600,450,can,31,31,550,449
img52.jpg,600,450,can,85,71,555,400
img1.jpg,600,800,can,95,274,441,637
can_img165.jpg,800,600,can,234,102,572,594
img147.jpg,600,450,can,23,1,600,446
img27.jpg,600,450,can,45,2,479,315
adimg23.jpg,281,180,can,6,3,275,172
can_img423.jpg,800,600,can,145,19,685,542
adimg9.jpg,290,174,can,26,3,126,174
adimg9.jpg,290,174,can,166,3,262,174
can_img428.jpg,800,600,can,291,176,539,428
can_img349.jpg,800,600,can,3,74,363,518
adimg84.jpg,305,165,can,101,1,205,165
img90.jpg,600,450,can,96,105,473,388
can_img378.jpg,800,600,can,136,72,670,527
can_img40.jpg,800,600,can,17,160,203,225
can_img40.jpg,800,600,can,197,127,357,181
can_img40.jpg,800,600,can,256,176,437,247
can_img40.jpg,800,600,can,36,217,233,307
can_img40.jpg,800,600,can,82,304,324,437
can_img40.jpg,800,600,can,147,435,464,534
can_img40.jpg,800,600,can,481,342,768,523
can_img40.jpg,800,600,can,340,243,565,353
can_img40.jpg,800,600,can,433,134,594,211
can_img40.jpg,800,600,can,550,184,754,274
can_img40.jpg,800,600,can,707,252,799,384
can_img40.jpg,800,600,can,720,143,800,212
can_img40.jpg,800,600,can,592,102,739,165
can_img40.jpg,800,600,can,501,68,632,112
can_img40.jpg,800,600,can,357,92,500,145
can_img40.jpg,800,600,can,724,70,800,125
img119.jpg,600,450,can,118,4,533,445
can_img249.jpg,800,600,can,43,76,610,521
can_img255.jpg,800,600,can,2,75,458,522
adimg34.jpg,224,224,can,51,2,171,204
adimg51.jpg,260,194,can,56,17,146,168
can_img374.jpg,800,600,can,201,114,710,521
can_img385.jpg,800,600,can,130,33,667,567
can_img42.jpg,800,600,can,1,116,171,429
can_img42.jpg,800,600,can,188,158,500,467
can_img42.jpg,800,600,can,512,193,800,506
can_img42.jpg,800,600,can,387,77,716,203
can_img42.jpg,800,600,can,75,76,387,178
can_img42.jpg,800,600,can,5,419,310,522
can_img42.jpg,800,600,can,346,453,629,523
can_img42.jpg,800,600,can,700,75,799,234
can_img408.jpg,800,600,can,230,138,582,491
can_img230.jpg,800,600,can,146,136,621,524
can_img316.jpg,800,600,can,21,136,524,523
can_img381.jpg,800,600,can,22,180,560,525
adimg29.jpg,240,210,can,32,14,129,198
adimg29.jpg,240,210,can,130,76,229,187
can_img97.jpg,800,600,can,135,81,451,591
can_img97.jpg,800,600,can,458,68,698,579
can_img97.jpg,800,600,can,207,35,418,79
can_img97.jpg,800,600,can,423,26,628,85
can_img277.jpg,800,600,can,171,159,567,526
can_img320.jpg,800,600,can,57,124,493,522
adimg22.jpg,173,291,can,13,4,161,287
adimg87.jpg,262,192,can,63,34,127,160
adimg87.jpg,262,192,can,125,34,195,152
img51.jpg,600,450,can,166,92,600,400
img127.jpg,600,450,can,134,157,576,387
can_img118.jpg,800,600,can,235,137,569,553
img146.jpg,600,450,can,2,3,518,446
img66.jpg,600,450,can,68,91,572,446
can_img10.jpg,800,600,can,60,70,800,567
can_img170.jpg,800,600,can,220,87,567,582
img25.jpg,600,450,can,71,2,562,396
adimg50.jpg,263,192,can,0,2,78,176
adimg50.jpg,263,192,can,77,2,179,181
adimg50.jpg,263,192,can,181,2,261,180
can_img447.jpg,800,600,can,158,60,656,529
can_img26.jpg,800,600,can,128,32,679,576
can_img233.jpg,800,600,can,22,75,556,521
img128.jpg,600,450,can,142,133,560,342
can_img37.jpg,800,600,can,141,38,673,567
can_img411.jpg,800,600,can,11,40,799,569
can_img317.jpg,800,600,can,29,135,529,525
img67.jpg,600,450,can,75,24,581,412
can_img105.jpg,800,600,can,31,52,672,576
can_img184.jpg,800,600,can,235,33,552,588
can_img158.jpg,800,600,can,234,129,567,574
img10.jpg,600,450,can,3,137,339,431
can_img329.jpg,800,600,can,1,74,486,521
can_img208.jpg,800,600,can,90,153,527,523
img111.jpg,600,450,can,100,145,499,375
can_img429.jpg,800,600,can,301,174,542,413
img15.jpg,600,450,can,181,165,578,350
can_img454.jpg,800,600,can,154,174,422,429
can_img88.jpg,800,600,can,81,56,337,318
can_img88.jpg,800,600,can,373,144,629,408
can_img88.jpg,800,600,can,659,245,800,504
can_img88.jpg,800,600,can,607,35,800,213
can_img88.jpg,800,600,can,142,344,404,566
can_img88.jpg,800,600,can,428,431,690,567
can_img88.jpg,800,600,can,0,217,68,461
can_img88.jpg,800,600,can,314,35,556,98
can_img19.jpg,800,600,can,190,66,618,535
can_img93.jpg,800,600,can,306,72,491,446
can_img281.jpg,800,600,can,352,75,746,485
can_img227.jpg,800,600,can,209,75,729,508
can_img80.jpg,800,600,can,64,8,212,511
can_img80.jpg,800,600,can,199,4,404,539
can_img80.jpg,800,600,can,380,5,733,580
can_img432.jpg,800,600,can,129,28,680,574
adimg46.jpg,220,165,can,38,17,117,161
adimg46.jpg,220,165,can,116,24,184,145
can_img44.jpg,800,600,can,28,73,97,132
can_img44.jpg,800,600,can,89,93,161,157
can_img44.jpg,800,600,can,147,111,228,176
can_img44.jpg,800,600,can,221,132,315,208
can_img44.jpg,800,600,can,281,171,392,271
can_img44.jpg,800,600,can,371,220,485,306
can_img44.jpg,800,600,can,485,259,611,368
can_img44.jpg,800,600,can,616,276,742,379
can_img44.jpg,800,600,can,1,131,47,218
can_img44.jpg,800,600,can,30,152,108,231
can_img44.jpg,800,600,can,97,174,181,271
can_img44.jpg,800,600,can,161,230,260,333
can_img44.jpg,800,600,can,249,275,366,391
can_img44.jpg,800,600,can,369,327,506,454
can_img44.jpg,800,600,can,529,357,691,479
can_img44.jpg,800,600,can,96,36,128,86
can_img44.jpg,800,600,can,119,52,180,99
can_img44.jpg,800,600,can,171,62,245,117
can_img44.jpg,800,600,can,229,79,305,134
can_img44.jpg,800,600,can,304,89,381,155
can_img44.jpg,800,600,can,377,115,460,185
can_img44.jpg,800,600,can,435,161,527,236
can_img44.jpg,800,600,can,529,200,631,281
can_img44.jpg,800,600,can,645,218,761,279
can_img44.jpg,800,600,can,245,41,307,81
can_img44.jpg,800,600,can,297,60,361,97
can_img44.jpg,800,600,can,361,58,428,110
can_img44.jpg,800,600,can,431,75,502,134
can_img44.jpg,800,600,can,491,109,575,180
can_img44.jpg,800,600,can,576,150,669,216
can_img44.jpg,800,600,can,674,168,784,226
can_img44.jpg,800,600,can,0,248,53,386
can_img44.jpg,800,600,can,28,309,156,449
can_img44.jpg,800,600,can,123,382,266,532
can_img44.jpg,800,600,can,259,429,450,564
can_img44.jpg,800,600,can,708,409,800,562
can_img324.jpg,800,600,can,3,74,506,525
can_img243.jpg,800,600,can,367,73,800,522
can_img18.jpg,800,600,can,163,69,630,521
can_img77.jpg,800,600,can,142,315,295,416
can_img77.jpg,800,600,can,277,427,465,568
can_img77.jpg,800,600,can,324,372,507,502
can_img77.jpg,800,600,can,478,365,556,445
can_img77.jpg,800,600,can,520,318,594,391
can_img77.jpg,800,600,can,561,268,630,342
can_img77.jpg,800,600,can,605,224,666,295
can_img77.jpg,800,600,can,87,367,279,506
can_img77.jpg,800,600,can,136,188,319,307
can_img77.jpg,800,600,can,186,152,363,249
can_img77.jpg,800,600,can,235,118,401,200
can_img77.jpg,800,600,can,280,78,437,160
can_img77.jpg,800,600,can,317,48,470,120
can_img77.jpg,800,600,can,326,250,514,378
can_img77.jpg,800,600,can,369,205,546,335
can_img77.jpg,800,600,can,420,171,582,288
can_img77.jpg,800,600,can,460,136,626,243
can_img77.jpg,800,600,can,496,100,668,214
can_img325.jpg,800,600,can,6,74,512,523
adimg5.jpg,191,264,can,21,16,167,254
can_img72.jpg,800,600,can,430,188,577,356
can_img72.jpg,800,600,can,293,160,428,311
can_img72.jpg,800,600,can,178,133,299,276
can_img72.jpg,800,600,can,57,106,170,252
can_img72.jpg,800,600,can,17,232,120,367
can_img72.jpg,800,600,can,115,256,230,393
can_img72.jpg,800,600,can,230,287,344,429
can_img72.jpg,800,600,can,350,322,485,465
can_img72.jpg,800,600,can,538,267,782,504
can_img104.jpg,800,600,can,3,44,800,600
can_img342.jpg,800,600,can,147,76,574,502
can_img100.jpg,800,600,can,117,26,414,564
can_img100.jpg,800,600,can,426,96,662,567
img45.jpg,600,450,can,104,20,591,361
img136.jpg,600,450,can,5,4,564,445
can_img354.jpg,800,600,can,310,242,746,522
can_img106.jpg,800,600,can,232,96,552,562
adimg86.jpg,263,192,can,47,7,143,169
adimg86.jpg,263,192,can,149,82,260,181
adimg86.jpg,263,192,can,143,0,254,70
can_img60.jpg,800,600,can,560,6,696,280
can_img60.jpg,800,600,can,462,24,581,315
can_img60.jpg,800,600,can,355,41,468,339
can_img60.jpg,800,600,can,230,47,357,373
can_img60.jpg,800,600,can,65,80,243,410
can_img60.jpg,800,600,can,621,255,736,523
can_img60.jpg,800,600,can,503,306,616,529
can_img60.jpg,800,600,can,388,323,498,534
can_img60.jpg,800,600,can,284,344,382,535
can_img60.jpg,800,600,can,176,394,270,537
can_img60.jpg,800,600,can,16,391,176,544
can_img60.jpg,800,600,can,678,14,774,264
img126.jpg,600,450,can,52,101,432,369
can_img169.jpg,800,600,can,232,24,571,597
can_img89.jpg,800,600,can,105,310,418,600
can_img89.jpg,800,600,can,465,329,799,600
can_img89.jpg,800,600,can,638,223,800,346
can_img89.jpg,800,600,can,348,204,607,325
can_img89.jpg,800,600,can,72,190,346,304
can_img89.jpg,800,600,can,510,134,729,223
can_img89.jpg,800,600,can,281,125,499,214
can_img89.jpg,800,600,can,56,115,254,182
can_img89.jpg,800,600,can,617,87,800,154
can_img89.jpg,800,600,can,425,79,609,140
can_img89.jpg,800,600,can,227,65,411,127
can_img89.jpg,800,600,can,51,61,223,111
can_img89.jpg,800,600,can,714,47,800,99
can_img89.jpg,800,600,can,536,43,704,92
can_img89.jpg,800,600,can,368,37,519,78
can_img89.jpg,800,600,can,199,28,346,68
can_img89.jpg,800,600,can,43,22,186,57
can_img298.jpg,800,600,can,64,75,496,332
can_img455.jpg,800,600,can,192,109,593,502
can_img168.jpg,800,600,can,234,103,566,596
can_img148.jpg,800,600,can,133,140,500,520
can_img62.jpg,800,600,can,118,161,226,436
can_img62.jpg,800,600,can,230,169,340,435
can_img62.jpg,800,600,can,348,170,459,433
can_img62.jpg,800,600,can,461,172,571,447
can_img62.jpg,800,600,can,571,169,679,435
can_img137.jpg,800,600,can,1,111,646,527
adimg6.jpg,263,192,can,83,20,179,184
adimg36.jpg,264,191,can,0,1,58,40
adimg36.jpg,264,191,can,33,3,135,74
adimg36.jpg,264,191,can,125,0,234,41
adimg36.jpg,264,191,can,131,38,243,114
adimg36.jpg,264,191,can,32,78,147,157
adimg36.jpg,264,191,can,139,117,238,178
adimg36.jpg,264,191,can,50,160,142,178
adimg36.jpg,264,191,can,0,43,26,121
can_img11.jpg,800,600,can,128,98,800,566
can_img115.jpg,800,600,can,235,118,542,536
can_img266.jpg,800,600,can,3,75,372,525
can_img83.jpg,800,600,can,223,81,344,189
can_img83.jpg,800,600,can,300,144,407,268
can_img83.jpg,800,600,can,213,146,310,266
can_img83.jpg,800,600,can,52,177,165,237
can_img83.jpg,800,600,can,5,243,106,345
can_img83.jpg,800,600,can,3,184,55,294
can_img83.jpg,800,600,can,28,312,146,398
can_img83.jpg,800,600,can,21,376,129,465
can_img83.jpg,800,600,can,127,313,189,428
can_img83.jpg,800,600,can,182,315,245,441
can_img83.jpg,800,600,can,245,318,305,416
can_img83.jpg,800,600,can,144,239,243,301
can_img83.jpg,800,600,can,250,243,362,324
can_img83.jpg,800,600,can,299,306,408,403
can_img83.jpg,800,600,can,386,275,458,363
can_img83.jpg,800,600,can,402,164,467,281
can_img83.jpg,800,600,can,383,77,460,172
can_img83.jpg,800,600,can,447,77,522,188
can_img83.jpg,800,600,can,598,101,686,228
can_img83.jpg,800,600,can,610,255,718,372
can_img83.jpg,800,600,can,709,315,775,439
can_img82.jpg,800,600,can,2,123,224,471
can_img82.jpg,800,600,can,139,106,318,415
can_img82.jpg,800,600,can,269,102,409,396
can_img82.jpg,800,600,can,394,105,523,388
can_img82.jpg,800,600,can,500,113,668,422
can_img82.jpg,800,600,can,590,146,797,485
can_img439.jpg,800,600,can,119,14,686,580
img99.jpg,600,450,can,142,49,597,423
can_img391.jpg,800,600,can,117,16,689,574
can_img248.jpg,800,600,can,56,128,653,523
can_img39.jpg,800,600,can,3,169,240,296
can_img39.jpg,800,600,can,121,62,500,201
can_img39.jpg,800,600,can,310,176,662,302
can_img39.jpg,800,600,can,40,290,399,423
can_img39.jpg,800,600,can,450,341,800,482
can_img39.jpg,800,600,can,640,83,800,219
can_img346.jpg,800,600,can,5,235,437,527
img134.jpg,600,450,can,45,3,570,445
img159.jpg,600,450,can,208,71,599,422
can_img8.jpg,800,600,can,219,233,780,600
img133.jpg,600,450,can,3,3,600,450
can_img370.jpg,800,600,can,136,193,696,525
adimg73.jpg,262,192,can,0,1,30,53
adimg73.jpg,262,192,can,32,2,133,51
adimg73.jpg,262,192,can,131,0,228,47
adimg73.jpg,262,192,can,182,55,262,138
adimg73.jpg,262,192,can,83,51,173,133
adimg73.jpg,262,192,can,0,56,75,141
adimg73.jpg,262,192,can,36,135,130,186
adimg73.jpg,262,192,can,134,141,228,178
can_img152.jpg,800,600,can,266,148,542,483
adimg69.jpg,265,190,can,57,25,135,168
can_img256.jpg,800,600,can,195,73,780,526
can_img444.jpg,800,600,can,121,60,643,569
can_img328.jpg,800,600,can,2,77,458,519
img80.jpg,600,450,can,3,120,585,423
can_img438.jpg,800,600,can,111,13,690,590
can_img319.jpg,800,600,can,27,151,511,521
img144.jpg,600,450,can,2,34,524,445
can_img380.jpg,800,600,can,1,117,590,523
img118.jpg,600,450,can,126,263,393,450
img116.jpg,600,450,can,3,146,292,447
img60.jpg,600,450,can,91,117,548,435
can_img235.jpg,800,600,can,141,165,575,526
can_img442.jpg,800,600,can,138,55,634,570
can_img145.jpg,800,600,can,85,127,569,525
can_img54.jpg,800,600,can,115,102,344,191
can_img54.jpg,800,600,can,391,82,628,172
can_img54.jpg,800,600,can,584,147,800,246
can_img54.jpg,800,600,can,275,164,536,260
can_img54.jpg,800,600,can,0,184,218,283
can_img54.jpg,800,600,can,131,272,435,396
can_img54.jpg,800,600,can,489,256,779,373
can_img54.jpg,800,600,can,1,407,296,567
can_img54.jpg,800,600,can,350,388,708,555
img145.jpg,600,450,can,52,50,583,445
img75.jpg,600,450,can,183,223,596,444
img121.jpg,600,450,can,234,154,598,445
img164.jpg,600,450,can,144,134,593,445
can_img146.jpg,800,600,can,2,78,578,522
can_img361.jpg,800,600,can,258,167,723,525
img3.jpg,600,800,can,144,218,415,777
can_img196.jpg,800,600,can,220,93,571,600
can_img205.jpg,800,600,can,78,93,618,529
can_img452.jpg,800,600,can,154,43,660,537
img63.jpg,600,450,can,142,148,597,446
can_img290.jpg,800,600,can,83,76,521,334
can_img301.jpg,800,600,can,133,73,548,355
img96.jpg,600,450,can,3,4,362,336
adimg60.jpg,177,285,can,20,9,163,256
can_img426.jpg,800,600,can,330,221,506,399
img28.jpg,600,450,can,2,30,446,446
can_img424.jpg,800,600,can,163,62,644,544
can_img66.jpg,800,600,can,3,79,590,487
can_img121.jpg,800,600,can,35,84,563,523
can_img274.jpg,800,600,can,122,145,783,525
img132.jpg,600,450,can,242,319,242,319
img132.jpg,600,450,can,162,2,600,447
adimg83.jpg,181,278,can,14,11,172,275
can_img186.jpg,800,600,can,230,1,566,523
img5.jpg,600,800,can,91,165,487,800
can_img436.jpg,800,600,can,114,22,685,600
adimg78.jpg,288,175,can,14,15,100,158
adimg78.jpg,288,175,can,107,13,188,162
adimg78.jpg,288,175,can,198,14,283,159
img179.jpg,600,450,can,2,94,551,446
img125.jpg,600,450,can,182,122,597,445
img16.jpg,600,450,can,92,220,596,443
adimg52.jpg,289,174,can,61,15,120,117
can_img2.jpg,800,600,can,282,106,662,514
adimg0.jpg,229,220,can,7,6,120,220
adimg0.jpg,229,220,can,112,12,228,219
img19.jpg,600,450,can,12,73,533,296
can_img43.jpg,800,600,can,210,159,351,506
can_img43.jpg,800,600,can,352,154,497,506
can_img43.jpg,800,600,can,500,158,641,507
can_img43.jpg,800,600,can,161,90,302,157
can_img43.jpg,800,600,can,304,86,449,159
can_img43.jpg,800,600,can,446,86,597,156
can_img270.jpg,800,600,can,1,174,659,532
can_img271.jpg,800,600,can,1,203,513,521
can_img187.jpg,800,600,can,226,262,571,600
can_img185.jpg,800,600,can,249,100,571,582
img30.jpg,600,450,can,73,43,563,448
img138.jpg,600,450,can,38,2,572,446
can_img188.jpg,800,600,can,232,197,488,598
can_img188.jpg,800,600,can,488,595,496,598
can_img263.jpg,800,600,can,1,80,453,532
img94.jpg,600,450,can,151,41,596,448
can_img218.jpg,800,600,can,123,73,644,431
can_img150.jpg,800,600,can,3,96,320,445
can_img131.jpg,800,600,can,127,172,568,524
adimg27.jpg,183,275,can,24,11,162,261
can_img427.jpg,800,600,can,273,174,526,434
can_img260.jpg,800,600,can,2,161,540,537
img31.jpg,600,450,can,65,27,564,445
can_img55.jpg,800,600,can,51,119,739,474
can_img207.jpg,800,600,can,107,151,543,535
img175.jpg,600,450,can,128,4,597,444
can_img178.jpg,800,600,can,234,86,565,600
can_img232.jpg,800,600,can,226,75,682,524
can_img343.jpg,800,600,can,1,73,343,520
img82.jpg,600,450,can,5,154,600,418
img36.jpg,600,450,can,83,21,573,443
can_img401.jpg,800,600,can,139,36,660,561
can_img132.jpg,800,600,can,161,205,578,523
can_img221.jpg,800,600,can,252,74,709,437
can_img441.jpg,800,600,can,148,56,649,546
img23.jpg,600,450,can,159,3,440,393
can_img73.jpg,800,600,can,279,211,335,298
can_img73.jpg,800,600,can,312,81,370,163
can_img73.jpg,800,600,can,369,77,421,146
can_img73.jpg,800,600,can,418,66,472,138
can_img73.jpg,800,600,can,468,52,516,127
can_img73.jpg,800,600,can,518,43,573,111
can_img73.jpg,800,600,can,554,67,607,129
can_img73.jpg,800,600,can,342,206,389,277
can_img73.jpg,800,600,can,390,182,441,260
can_img73.jpg,800,600,can,441,169,487,243
can_img73.jpg,800,600,can,493,147,537,228
can_img73.jpg,800,600,can,539,137,582,209
can_img73.jpg,800,600,can,207,307,365,401
can_img73.jpg,800,600,can,371,320,424,389
can_img73.jpg,800,600,can,418,299,474,373
can_img73.jpg,800,600,can,472,286,526,361
can_img73.jpg,800,600,can,521,274,569,350
can_img73.jpg,800,600,can,173,445,331,548
can_img73.jpg,800,600,can,333,443,386,528
can_img73.jpg,800,600,can,388,420,441,512
can_img73.jpg,800,600,can,439,395,486,489
can_img73.jpg,800,600,can,487,379,535,460
can_img73.jpg,800,600,can,538,371,582,438
can_img73.jpg,800,600,can,563,289,605,367
img98.jpg,600,450,can,111,1,600,378
can_img216.jpg,800,600,can,97,172,557,522
img54.jpg,600,450,can,12,88,486,440
can_img9.jpg,800,600,can,89,44,800,563
can_img16.jpg,800,600,can,126,24,676,576
can_img136.jpg,800,600,can,13,74,647,435
can_img112.jpg,800,600,can,277,106,542,369
can_img238.jpg,800,600,can,230,129,584,544
img172.jpg,600,450,can,1,126,449,450
adimg8.jpg,256,197,can,6,9,67,65
adimg8.jpg,256,197,can,66,10,124,68
adimg8.jpg,256,197,can,124,7,189,66
adimg8.jpg,256,197,can,184,9,244,69
adimg8.jpg,256,197,can,188,74,248,122
adimg8.jpg,256,197,can,126,70,180,121
adimg8.jpg,256,197,can,69,72,129,126
adimg8.jpg,256,197,can,5,69,66,121
adimg8.jpg,256,197,can,0,126,66,181
adimg8.jpg,256,197,can,63,129,124,184
adimg8.jpg,256,197,can,127,130,187,185
adimg8.jpg,256,197,can,188,127,246,180
can_img12.jpg,800,600,can,199,100,617,520
img140.jpg,600,450,can,38,75,417,403
can_img394.jpg,800,600,can,136,40,663,559
can_img347.jpg,800,600,can,3,235,461,523
img110.jpg,600,450,can,57,148,597,392
can_img110.jpg,800,600,can,232,100,568,523
can_img20.jpg,800,600,can,184,72,638,521
img162.jpg,600,450,can,3,114,359,447
img77.jpg,600,450,can,148,239,552,448
img170.jpg,600,450,can,1,117,350,444
img153.jpg,600,450,can,4,84,370,445
can_img163.jpg,800,600,can,232,139,567,576
can_img377.jpg,800,600,can,1,195,458,529
can_img371.jpg,800,600,can,13,191,499,523
img71.jpg,600,450,can,68,74,579,445
can_img171.jpg,800,600,can,226,74,523,593
img176.jpg,600,450,can,2,122,389,431
can_img398.jpg,800,600,can,143,27,683,562
can_img189.jpg,800,600,can,264,137,569,593
can_img420.jpg,800,600,can,149,46,656,548
img74.jpg,600,450,can,125,161,597,446
can_img457.jpg,800,600,can,117,15,687,582
can_img34.jpg,800,600,can,147,39,661,557
can_img156.jpg,800,600,can,233,106,567,590
can_img149.jpg,800,600,can,127,76,541,523
img70.jpg,600,450,can,48,2,582,402
can_img143.jpg,800,600,can,188,180,552,523
img84.jpg,600,450,can,120,161,424,435
can_img247.jpg,800,600,can,388,75,800,523
can_img141.jpg,800,600,can,275,119,586,447
can_img368.jpg,800,600,can,72,167,630,523
can_img246.jpg,800,600,can,1,73,414,521
can_img76.jpg,800,600,can,123,56,191,277
can_img76.jpg,800,600,can,184,71,266,303
can_img76.jpg,800,600,can,258,89,366,352
can_img76.jpg,800,600,can,329,115,472,395
can_img76.jpg,800,600,can,463,104,572,365
can_img76.jpg,800,600,can,563,88,643,327
can_img76.jpg,800,600,can,628,73,708,315
can_img76.jpg,800,600,can,83,304,172,442
can_img76.jpg,800,600,can,192,362,373,587
can_img76.jpg,800,600,can,343,415,490,519
can_img76.jpg,800,600,can,472,374,560,482
can_img76.jpg,800,600,can,551,335,621,432
can_img76.jpg,800,600,can,620,300,674,386
can_img76.jpg,800,600,can,665,273,720,348
can_img76.jpg,800,600,can,391,48,465,66
can_img76.jpg,800,600,can,449,62,522,76
can_img76.jpg,800,600,can,526,71,610,83
can_img76.jpg,800,600,can,466,76,544,95
can_img76.jpg,800,600,can,363,86,461,106
can_img76.jpg,800,600,can,281,68,376,92
can_img76.jpg,800,600,can,317,55,403,73
can_img76.jpg,800,600,can,377,69,444,81
can_img76.jpg,800,600,can,223,59,319,77
img178.jpg,600,450,can,1,183,509,447
can_img250.jpg,800,600,can,11,175,601,529
can_img122.jpg,800,600,can,201,123,564,522
adimg55.jpg,600,362,can,117,31,248,238
can_img177.jpg,800,600,can,231,186,543,600
adimg41.jpg,174,290,can,11,4,162,281
img6.jpg,600,450,can,91,84,600,392
can_img183.jpg,800,600,can,222,92,567,578
img33.jpg,600,450,can,66,39,571,444
can_img209.jpg,800,600,can,87,144,536,525
can_img81.jpg,800,600,can,320,17,479,160
can_img81.jpg,800,600,can,253,146,400,287
can_img81.jpg,800,600,can,407,151,573,283
can_img81.jpg,800,600,can,331,284,475,421
can_img81.jpg,800,600,can,479,281,628,416
can_img81.jpg,800,600,can,182,277,325,421
can_img81.jpg,800,600,can,254,414,399,544
can_img81.jpg,800,600,can,397,416,548,547
can_img81.jpg,800,600,can,548,412,687,549
can_img81.jpg,800,600,can,108,407,248,545
img22.jpg,600,450,can,148,4,563,445
can_img234.jpg,800,600,can,124,168,663,525
can_img46.jpg,800,600,can,129,45,406,546
can_img46.jpg,800,600,can,407,65,588,472
can_img46.jpg,800,600,can,592,61,788,477
can_img241.jpg,800,600,can,3,75,461,525
img163.jpg,600,450,can,190,193,598,445
can_img297.jpg,800,600,can,51,75,500,333
can_img86.jpg,800,600,can,0,55,47,114
can_img86.jpg,800,600,can,53,55,173,117
can_img86.jpg,800,600,can,177,54,295,119
can_img86.jpg,800,600,can,296,54,406,120
can_img86.jpg,800,600,can,405,52,521,121
can_img86.jpg,800,600,can,521,56,639,117
can_img86.jpg,800,600,can,636,56,754,118
can_img86.jpg,800,600,can,0,123,60,245
can_img86.jpg,800,600,can,62,126,178,239
can_img86.jpg,800,600,can,178,128,299,239
can_img86.jpg,800,600,can,296,125,405,237
can_img86.jpg,800,600,can,409,125,517,243
can_img86.jpg,800,600,can,519,124,634,242
can_img86.jpg,800,600,can,632,124,750,239
can_img86.jpg,800,600,can,752,123,799,239
can_img86.jpg,800,600,can,755,55,800,121
can_img86.jpg,800,600,can,0,242,66,354
can_img86.jpg,800,600,can,61,238,181,355
can_img86.jpg,800,600,can,178,241,294,352
can_img86.jpg,800,600,can,293,241,406,354
can_img86.jpg,800,600,can,403,238,518,356
can_img86.jpg,800,600,can,517,241,634,357
can_img86.jpg,800,600,can,632,239,751,351
can_img86.jpg,800,600,can,750,239,799,353
can_img86.jpg,800,600,can,0,354,70,465
can_img86.jpg,800,600,can,66,356,180,466
can_img86.jpg,800,600,can,180,355,292,466
can_img86.jpg,800,600,can,291,354,405,466
can_img86.jpg,800,600,can,401,351,514,463
can_img86.jpg,800,600,can,513,355,630,468
can_img86.jpg,800,600,can,628,355,750,468
can_img86.jpg,800,600,can,749,355,799,468
can_img86.jpg,800,600,can,0,466,70,541
can_img86.jpg,800,600,can,69,466,181,540
can_img86.jpg,800,600,can,180,462,290,542
can_img86.jpg,800,600,can,290,463,403,542
can_img86.jpg,800,600,can,403,466,516,542
can_img86.jpg,800,600,can,515,468,633,543
can_img86.jpg,800,600,can,630,469,748,544
can_img86.jpg,800,600,can,748,472,799,544
adimg31.jpg,275,183,can,87,19,169,156
can_img49.jpg,800,600,can,29,170,157,422
can_img49.jpg,800,600,can,159,179,272,418
can_img49.jpg,800,600,can,281,176,398,422
can_img49.jpg,800,600,can,403,180,525,426
can_img49.jpg,800,600,can,529,178,643,418
can_img49.jpg,800,600,can,650,179,770,418
can_img412.jpg,800,600,can,236,149,570,466
can_img92.jpg,800,600,can,13,120,605,407
can_img224.jpg,800,600,can,113,75,681,517
can_img27.jpg,800,600,can,185,80,640,528
can_img448.jpg,800,600,can,51,138,767,504
adimg81.jpg,225,225,can,0,1,220,221
img34.jpg,600,450,can,41,15,561,447
can_img287.jpg,800,600,can,94,74,475,357
can_img166.jpg,800,600,can,228,7,557,596
can_img160.jpg,800,600,can,232,151,574,591
can_img206.jpg,800,600,can,152,130,586,525
img26.jpg,600,450,can,25,2,487,345
can_img390.jpg,800,600,can,17,66,770,557
can_img36.jpg,800,600,can,138,103,758,568
img43.jpg,600,450,can,111,50,594,391
can_img157.jpg,800,600,can,242,144,567,595
can_img267.jpg,800,600,can,373,94,795,519
can_img388.jpg,800,600,can,147,56,722,567
can_img193.jpg,800,600,can,222,85,536,591
adimg62.jpg,300,168,can,107,21,160,118
img117.jpg,600,450,can,138,334,437,447
can_img30.jpg,800,600,can,200,123,631,546
img64.jpg,600,450,can,135,113,595,447
adimg38.jpg,191,264,can,31,27,157,249
can_img323.jpg,800,600,can,24,119,520,526
adimg26.jpg,275,183,can,64,34,128,134
img166.jpg,600,450,can,237,40,562,223
img20.jpg,600,450,can,6,85,479,295
can_img78.jpg,800,600,can,126,130,262,218
can_img78.jpg,800,600,can,238,80,361,172
can_img78.jpg,800,600,can,326,37,448,121
can_img78.jpg,800,600,can,437,1,542,85
can_img78.jpg,800,600,can,525,43,658,101
can_img78.jpg,800,600,can,482,100,603,260
can_img78.jpg,800,600,can,385,146,514,317
can_img78.jpg,800,600,can,270,204,421,407
can_img78.jpg,800,600,can,113,204,266,495
img165.jpg,600,450,can,20,68,490,428
can_img123.jpg,800,600,can,166,108,538,522
can_img203.jpg,800,600,can,106,196,534,525
adimg11.jpg,240,210,can,0,3,124,210
adimg11.jpg,240,210,can,126,2,237,209
can_img279.jpg,800,600,can,32,163,432,525
img76.jpg,600,450,can,180,242,595,448
img91.jpg,600,450,can,136,137,418,429
adimg70.jpg,262,192,can,1,10,87,173
adimg70.jpg,262,192,can,86,10,168,170
adimg70.jpg,262,192,can,167,13,253,169
img173.jpg,600,450,can,77,181,596,445
can_img415.jpg,800,600,can,241,132,569,454
can_img38.jpg,800,600,can,91,11,734,600
can_img142.jpg,800,600,can,163,163,521,508
can_img63.jpg,800,600,can,256,11,575,600
img156.jpg,600,450,can,77,136,507,428
can_img101.jpg,800,600,can,73,55,345,315
can_img101.jpg,800,600,can,371,135,624,399
can_img101.jpg,800,600,can,136,348,399,540
can_img101.jpg,800,600,can,660,229,800,500
can_img101.jpg,800,600,can,413,421,670,546
can_img101.jpg,800,600,can,595,58,800,211
img102.jpg,600,450,can,39,63,598,444
img41.jpg,600,450,can,81,35,552,408
adimg19.jpg,275,183,can,40,4,137,170
adimg19.jpg,275,183,can,140,6,238,176
can_img406.jpg,800,600,can,129,30,671,561
can_img363.jpg,800,600,can,296,143,800,527
adimg79.jpg,177,285,can,21,30,147,256
can_img280.jpg,800,600,can,1,165,326,521
img48.jpg,600,450,can,204,25,595,336
can_img419.jpg,800,600,can,1,33,748,562
can_img322.jpg,800,600,can,12,100,525,525
adimg67.jpg,225,225,can,57,15,164,214
can_img254.jpg,800,600,can,2,158,559,521
can_img47.jpg,800,600,can,0,134,140,498
can_img47.jpg,800,600,can,133,127,288,503
can_img47.jpg,800,600,can,298,110,534,502
can_img47.jpg,800,600,can,530,101,776,498
can_img366.jpg,800,600,can,2,233,453,527
can_img117.jpg,800,600,can,233,166,555,513
can_img440.jpg,800,600,can,0,100,645,565
can_img405.jpg,800,600,can,157,65,652,549
can_img326.jpg,800,600,can,1,96,470,527
can_img181.jpg,800,600,can,232,125,564,593
can_img204.jpg,800,600,can,163,121,631,523
can_img422.jpg,800,600,can,367,44,511,321
can_img422.jpg,800,600,can,241,71,373,319
can_img422.jpg,800,600,can,175,130,254,314
can_img422.jpg,800,600,can,247,323,369,546
can_img422.jpg,800,600,can,367,317,502,571
can_img422.jpg,800,600,can,506,313,573,520
can_img422.jpg,800,600,can,504,97,576,319
can_img422.jpg,800,600,can,173,317,256,477
can_img422.jpg,800,600,can,573,128,619,309
can_img422.jpg,800,600,can,565,315,619,484
can_img422.jpg,800,600,can,576,2,627,113
can_img422.jpg,800,600,can,516,1,579,78
can_img422.jpg,800,600,can,175,0,250,104
can_img1.jpg,800,600,can,409,5,731,578
can_img1.jpg,800,600,can,79,8,401,588
img114.jpg,600,450,can,148,104,533,444
can_img379.jpg,800,600,can,3,124,581,525
img68.jpg,600,450,can,71,3,583,382
can_img64.jpg,800,600,can,2,102,121,203
can_img64.jpg,800,600,can,90,132,371,288
can_img64.jpg,800,600,can,383,174,727,362
can_img64.jpg,800,600,can,3,307,438,525
can_img64.jpg,800,600,can,508,405,800,523
can_img64.jpg,800,600,can,585,89,800,212
can_img64.jpg,800,600,can,340,78,561,168
can_img64.jpg,800,600,can,127,76,338,126
can_img129.jpg,800,600,can,129,107,598,522
can_img446.jpg,800,600,can,75,56,723,565
can_img48.jpg,800,600,can,58,5,190,245
can_img48.jpg,800,600,can,499,20,648,292
can_img48.jpg,800,600,can,586,1,706,118
can_img48.jpg,800,600,can,236,2,419,108
can_img48.jpg,800,600,can,189,114,346,296
can_img48.jpg,800,600,can,234,320,384,516
can_img48.jpg,800,600,can,449,444,593,600
can_img48.jpg,800,600,can,658,330,752,476
can_img48.jpg,800,600,can,111,431,241,588
can_img48.jpg,800,600,can,359,3,494,259
can_img48.jpg,800,600,can,45,222,115,372
can_img392.jpg,800,600,can,157,65,650,548
adimg77.jpg,250,202,can,11,14,94,160
adimg77.jpg,250,202,can,96,12,177,159
can_img350.jpg,800,600,can,65,77,512,391
adimg85.jpg,191,264,can,32,29,160,252
can_img321.jpg,800,600,can,57,115,493,524
can_img327.jpg,800,600,can,3,99,465,521
can_img120.jpg,800,600,can,232,55,569,417
img47.jpg,600,450,can,151,22,598,339
can_img393.jpg,800,600,can,1,5,104,184
can_img393.jpg,800,600,can,108,5,222,181
can_img393.jpg,800,600,can,224,5,311,164
can_img393.jpg,800,600,can,312,5,430,159
can_img393.jpg,800,600,can,435,4,536,161
can_img393.jpg,800,600,can,541,5,658,165
can_img393.jpg,800,600,can,664,9,752,173
can_img393.jpg,800,600,can,753,5,797,179
can_img393.jpg,800,600,can,0,186,108,530
can_img393.jpg,800,600,can,87,176,218,466
can_img393.jpg,800,600,can,202,169,287,418
can_img393.jpg,800,600,can,275,162,369,397
can_img393.jpg,800,600,can,372,161,492,332
can_img393.jpg,800,600,can,488,157,588,395
can_img393.jpg,800,600,can,589,171,645,435
can_img393.jpg,800,600,can,649,170,697,456
can_img393.jpg,800,600,can,704,185,800,523
can_img17.jpg,800,600,can,171,62,633,524
can_img225.jpg,800,600,can,6,241,552,529
img168.jpg,600,450,can,1,2,600,346
can_img431.jpg,800,600,can,197,79,607,487
can_img433.jpg,800,600,can,151,43,642,528
can_img262.jpg,800,600,can,107,73,582,525
can_img399.jpg,800,600,can,159,53,639,542
adimg74.jpg,275,183,can,105,58,161,150
can_img242.jpg,800,600,can,340,117,800,525
can_img375.jpg,800,600,can,52,74,536,351
can_img84.jpg,800,600,can,74,49,340,315
can_img84.jpg,800,600,can,361,142,640,411
can_img84.jpg,800,600,can,314,37,554,102
can_img84.jpg,800,600,can,599,36,800,214
can_img84.jpg,800,600,can,668,248,797,514
can_img84.jpg,800,600,can,432,448,687,566
can_img84.jpg,800,600,can,144,348,407,569
can_img84.jpg,800,600,can,1,218,90,464
can_img84.jpg,800,600,can,1,477,151,566
can_img32.jpg,800,600,can,194,94,613,511
can_img309.jpg,800,600,can,98,72,548,356
can_img50.jpg,800,600,can,75,49,352,316
can_img50.jpg,800,600,can,374,139,637,385
can_img50.jpg,800,600,can,608,37,800,204
can_img50.jpg,800,600,can,309,35,551,98
can_img50.jpg,800,600,can,2,216,68,455
can_img50.jpg,800,600,can,144,346,399,560
can_img50.jpg,800,600,can,422,423,687,569
can_img50.jpg,800,600,can,664,247,799,502
adimg47.jpg,460,345,can,65,28,343,288
can_img435.jpg,800,600,can,165,65,638,534
img83.jpg,600,450,can,119,134,465,445
can_img278.jpg,800,600,can,188,77,548,430
can_img272.jpg,800,600,can,2,204,583,522
can_img244.jpg,800,600,can,5,168,660,525
img93.jpg,600,450,can,1,64,444,445
can_img182.jpg,800,600,can,232,117,569,582
adimg72.jpg,166,303,can,12,32,161,293
adimg32.jpg,259,194,can,31,38,127,184
adimg32.jpg,259,194,can,129,8,228,191
can_img276.jpg,800,600,can,204,168,592,518
can_img109.jpg,800,600,can,125,75,636,528
can_img425.jpg,800,600,can,4,38,800,567
can_img190.jpg,800,600,can,242,16,570,591
can_img336.jpg,800,600,can,65,76,479,524
can_img416.jpg,800,600,can,96,1,704,600
adimg61.jpg,225,225,can,62,24,163,198
adimg58.jpg,224,224,can,52,2,173,200
can_img211.jpg,800,600,can,64,96,645,521
can_img369.jpg,800,600,can,125,216,723,523
can_img191.jpg,800,600,can,199,9,570,600
can_img15.jpg,800,600,can,179,133,622,598
img73.jpg,600,450,can,62,132,587,448
img137.jpg,600,450,can,6,3,566,446
can_img315.jpg,800,600,can,1,117,510,523
can_img23.jpg,800,600,can,109,33,699,563
can_img140.jpg,800,600,can,273,163,546,426
can_img75.jpg,800,600,can,147,178,260,404
can_img75.jpg,800,600,can,249,154,340,369
can_img75.jpg,800,600,can,333,121,403,327
can_img75.jpg,800,600,can,390,94,483,143
can_img75.jpg,800,600,can,469,126,578,167
can_img75.jpg,800,600,can,388,155,503,369
can_img75.jpg,800,600,can,555,161,680,372
img112.jpg,600,450,can,91,3,483,305
can_img351.jpg,800,600,can,32,161,624,525
adimg21.jpg,279,180,can,12,23,65,178
adimg21.jpg,279,180,can,67,8,123,180
adimg21.jpg,279,180,can,126,0,189,180
adimg21.jpg,279,180,can,189,3,275,180
can_img240.jpg,800,600,can,79,99,629,529
can_img52.jpg,800,600,can,1,100,325,408
can_img52.jpg,800,600,can,335,99,685,417
can_img52.jpg,800,600,can,704,98,799,417
can_img397.jpg,800,600,can,129,35,672,559
adimg18.jpg,207,244,can,55,33,154,208
can_img135.jpg,800,600,can,232,75,443,600
can_img99.jpg,800,600,can,102,567,141,600
can_img99.jpg,800,600,can,144,567,201,600
can_img99.jpg,800,600,can,201,563,254,600
can_img99.jpg,800,600,can,254,565,308,598
can_img99.jpg,800,600,can,309,565,367,597
can_img99.jpg,800,600,can,365,562,418,599
can_img99.jpg,800,600,can,423,559,481,599
can_img99.jpg,800,600,can,479,555,531,600
can_img99.jpg,800,600,can,533,557,588,600
can_img99.jpg,800,600,can,592,557,643,600
can_img99.jpg,800,600,can,647,553,696,599
can_img99.jpg,800,600,can,676,433,701,536
can_img99.jpg,800,600,can,625,433,677,537
can_img99.jpg,800,600,can,575,435,622,538
can_img99.jpg,800,600,can,521,436,571,540
can_img99.jpg,800,600,can,462,435,517,540
can_img99.jpg,800,600,can,407,437,463,542
can_img99.jpg,800,600,can,348,434,407,545
can_img99.jpg,800,600,can,293,435,351,544
can_img99.jpg,800,600,can,237,440,291,546
can_img99.jpg,800,600,can,186,441,237,546
can_img99.jpg,800,600,can,129,437,185,546
can_img99.jpg,800,600,can,661,315,698,414
can_img99.jpg,800,600,can,610,314,661,416
can_img99.jpg,800,600,can,560,316,607,416
can_img99.jpg,800,600,can,502,318,562,421
can_img99.jpg,800,600,can,447,317,506,423
can_img99.jpg,800,600,can,393,318,444,424
can_img99.jpg,800,600,can,335,318,393,422
can_img99.jpg,800,600,can,280,321,337,426
can_img99.jpg,800,600,can,223,320,280,420
can_img99.jpg,800,600,can,169,321,225,420
can_img99.jpg,800,600,can,119,320,171,427
can_img99.jpg,800,600,can,671,200,700,302
can_img99.jpg,800,600,can,621,201,672,302
can_img99.jpg,800,600,can,575,205,622,302
can_img99.jpg,800,600,can,519,205,569,300
can_img99.jpg,800,600,can,464,204,519,301
can_img99.jpg,800,600,can,406,201,458,304
can_img99.jpg,800,600,can,354,204,407,302
can_img99.jpg,800,600,can,295,204,350,309
can_img99.jpg,800,600,can,241,205,290,307
can_img99.jpg,800,600,can,184,205,239,305
can_img99.jpg,800,600,can,136,208,183,313
can_img99.jpg,800,600,can,100,208,133,311
can_img99.jpg,800,600,can,102,93,123,197
can_img99.jpg,800,600,can,662,89,702,187
can_img99.jpg,800,600,can,611,91,656,188
can_img99.jpg,800,600,can,561,91,609,193
can_img99.jpg,800,600,can,506,89,560,193
can_img99.jpg,800,600,can,449,91,507,192
can_img99.jpg,800,600,can,393,89,448,191
can_img99.jpg,800,600,can,338,86,394,193
can_img99.jpg,800,600,can,284,92,334,193
can_img99.jpg,800,600,can,228,93,283,195
can_img99.jpg,800,600,can,172,91,228,191
can_img99.jpg,800,600,can,124,94,169,195
can_img99.jpg,800,600,can,649,2,700,78
can_img99.jpg,800,600,can,599,1,652,78
can_img99.jpg,800,600,can,550,1,599,77
can_img99.jpg,800,600,can,495,2,548,75
can_img99.jpg,800,600,can,439,0,496,82
can_img99.jpg,800,600,can,380,2,434,80
can_img99.jpg,800,600,can,323,2,380,70
can_img99.jpg,800,600,can,266,2,324,75
can_img99.jpg,800,600,can,218,1,264,75
can_img99.jpg,800,600,can,162,1,211,76
can_img99.jpg,800,600,can,110,1,157,75
can_img99.jpg,800,600,can,100,441,130,543
img0.jpg,600,450,can,47,50,407,386
can_img308.jpg,800,600,can,112,73,502,390
can_img124.jpg,800,600,can,245,116,800,524
can_img69.jpg,800,600,can,378,119,641,290
can_img69.jpg,800,600,can,294,131,368,256
can_img69.jpg,800,600,can,232,111,284,228
can_img69.jpg,800,600,can,173,102,225,205
can_img69.jpg,800,600,can,128,79,169,182
can_img69.jpg,800,600,can,453,428,630,563
can_img69.jpg,800,600,can,363,369,470,493
can_img69.jpg,800,600,can,300,325,373,424
can_img69.jpg,800,600,can,230,277,309,380
can_img69.jpg,800,600,can,171,237,227,341
can_img69.jpg,800,600,can,127,212,180,292
can_img434.jpg,800,600,can,173,66,630,530
adimg17.jpg,188,268,can,38,6,182,249
can_img449.jpg,800,600,can,21,163,788,533
can_img147.jpg,800,600,can,234,1,568,458
can_img299.jpg,800,600,can,60,73,498,350
can_img386.jpg,800,600,can,222,79,681,528
can_img4.jpg,800,600,can,5,177,647,600
can_img154.jpg,800,600,can,234,155,457,578
can_img387.jpg,800,600,can,148,35,661,559
can_img300.jpg,800,600,can,76,75,485,336
can_img179.jpg,800,600,can,226,96,571,600
img101.jpg,600,450,can,71,59,574,448
img109.jpg,600,450,can,73,153,596,383
adimg57.jpg,181,278,can,14,3,168,277
adimg64.jpg,275,183,can,96,26,175,168
can_img229.jpg,800,600,can,1,73,407,523
img62.jpg,600,450,can,117,189,585,446
adimg75.jpg,399,600,can,46,24,348,565
can_img125.jpg,800,600,can,139,115,600,523
can_img410.jpg,800,600,can,213,102,584,476
can_img459.jpg,800,600,can,121,24,672,576
can_img367.jpg,800,600,can,72,73,621,523
can_img313.jpg,800,600,can,87,84,597,527
can_img195.jpg,800,600,can,194,240,569,600
img58.jpg,600,450,can,94,154,560,448
img169.jpg,600,450,can,27,134,571,434
can_img197.jpg,800,600,can,220,123,552,482
can_img291.jpg,800,600,can,84,73,538,348
img53.jpg,600,450,can,21,80,508,428
can_img51.jpg,800,600,can,173,65,245,249
can_img51.jpg,800,600,can,121,63,173,230
can_img51.jpg,800,600,can,253,62,344,278
can_img51.jpg,800,600,can,342,65,533,312
can_img51.jpg,800,600,can,533,71,674,293
can_img51.jpg,800,600,can,681,79,767,276
can_img51.jpg,800,600,can,184,378,251,586
can_img51.jpg,800,600,can,123,341,182,508
can_img51.jpg,800,600,can,260,418,357,600
can_img51.jpg,800,600,can,573,439,705,600
adimg3.jpg,171,280,can,21,18,146,243
can_img14.jpg,800,600,can,124,24,674,580
can_img214.jpg,800,600,can,86,160,588,527
can_img396.jpg,800,600,can,18,65,783,600
can_img340.jpg,800,600,can,2,75,346,520
img69.jpg,600,450,can,56,1,578,384
can_img288.jpg,800,600,can,89,75,557,388
can_img257.jpg,800,600,can,270,77,800,529
img50.jpg,600,450,can,213,70,600,392
can_img6.jpg,800,600,can,3,123,753,598
can_img382.jpg,800,600,can,6,199,582,524
img86.jpg,600,450,can,18,112,522,449
can_img161.jpg,800,600,can,230,121,547,600
img143.jpg,600,450,can,22,175,538,445
can_img292.jpg,800,600,can,92,75,532,369
can_img258.jpg,800,600,can,64,78,587,524
can_img126.jpg,800,600,can,153,104,563,526
img81.jpg,600,450,can,103,142,600,377
img87.jpg,600,450,can,70,2,546,365
adimg14.jpg,264,191,can,89,18,180,170
can_img128.jpg,800,600,can,194,117,540,521
img103.jpg,600,450,can,244,3,515,446
can_img451.jpg,800,600,can,162,47,657,532
adimg10.jpg,247,204,can,21,12,126,192
adimg10.jpg,247,204,can,129,18,230,193
can_img253.jpg,800,600,can,79,75,538,512
can_img21.jpg,800,600,can,114,32,673,559
img40.jpg,600,450,can,51,36,531,447
can_img173.jpg,800,600,can,237,79,570,600
img135.jpg,600,450,can,3,4,547,445
can_img111.jpg,800,600,can,234,41,569,496
can_img199.jpg,800,600,can,233,128,522,560
can_img407.jpg,800,600,can,186,89,606,491
img142.jpg,600,450,can,32,2,495,369
can_img437.jpg,800,600,can,189,43,629,546
can_img13.jpg,800,600,can,215,122,578,483
can_img24.jpg,800,600,can,157,154,650,595
can_img359.jpg,800,600,can,87,74,536,519
can_img357.jpg,800,600,can,1,113,375,522
can_img74.jpg,800,600,can,431,205,721,422
can_img74.jpg,800,600,can,470,355,773,565
can_img74.jpg,800,600,can,367,373,485,534
can_img74.jpg,800,600,can,310,218,441,384
can_img74.jpg,800,600,can,256,329,371,477
can_img74.jpg,800,600,can,202,169,320,334
can_img74.jpg,800,600,can,154,283,264,436
can_img74.jpg,800,600,can,90,127,210,285
can_img74.jpg,800,600,can,47,226,153,395
img18.jpg,600,450,can,52,91,600,313
can_img180.jpg,800,600,can,220,91,542,561
can_img273.jpg,800,600,can,52,108,688,527
adimg76.jpg,265,190,can,78,18,159,167
can_img164.jpg,800,600,can,234,97,514,600
can_img68.jpg,800,600,can,34,347,180,554
can_img68.jpg,800,600,can,201,339,425,553
can_img68.jpg,800,600,can,441,332,672,549
can_img68.jpg,800,600,can,674,323,765,549
can_img68.jpg,800,600,can,656,143,766,321
can_img68.jpg,800,600,can,455,146,651,330
can_img68.jpg,800,600,can,247,146,441,330
can_img68.jpg,800,600,can,36,148,233,332
can_img68.jpg,800,600,can,50,3,226,141
can_img68.jpg,800,600,can,237,4,409,146
can_img68.jpg,800,600,can,420,1,587,136
can_img68.jpg,800,600,can,600,1,764,142
can_img251.jpg,800,600,can,2,195,601,537
img141.jpg,600,450,can,25,24,417,388
can_img318.jpg,800,600,can,4,96,513,523
can_img174.jpg,800,600,can,229,75,570,599
can_img61.jpg,800,600,can,267,141,396,226
can_img61.jpg,800,600,can,394,143,529,216
can_img61.jpg,800,600,can,211,205,333,332
can_img61.jpg,800,600,can,334,207,459,327
can_img61.jpg,800,600,can,453,205,580,328
can_img61.jpg,800,600,can,279,312,394,407
can_img61.jpg,800,600,can,397,316,521,407
can_img162.jpg,800,600,can,228,172,571,600
can_img360.jpg,800,600,can,3,174,317,520
can_img376.jpg,800,600,can,140,87,592,526
can_img430.jpg,800,600,can,314,203,499,401
can_img33.jpg,800,600,can,236,125,562,456
can_img3.jpg,800,600,can,235,63,567,395
img131.jpg,600,450,can,268,63,600,445
img88.jpg,600,450,can,66,2,551,363
img123.jpg,600,450,can,154,4,595,331
img13.jpg,600,450,can,47,128,591,349
can_img31.jpg,800,600,can,166,66,645,538
can_img284.jpg,800,600,can,369,377,679,525
adimg28.jpg,275,183,can,95,68,186,183
can_img65.jpg,800,600,can,73,94,783,431
can_img421.jpg,800,600,can,211,119,535,443
img160.jpg,600,450,can,130,65,595,445
img167.jpg,600,450,can,214,3,596,281
img106.jpg,600,450,can,110,38,462,450
img139.jpg,600,450,can,2,2,480,446
can_img28.jpg,800,600,can,156,56,648,545
can_img450.jpg,800,600,can,142,52,650,551
can_img261.jpg,800,600,can,1,92,451,534
can_img202.jpg,800,600,can,164,136,670,524
can_img56.jpg,800,600,can,89,184,291,527
can_img56.jpg,800,600,can,268,65,441,382
can_img56.jpg,800,600,can,439,112,629,433
can_img372.jpg,800,600,can,2,113,517,521
img79.jpg,600,450,can,125,148,481,374
can_img307.jpg,800,600,can,103,77,502,393
adimg44.jpg,1908,1146,can,0,28,164,605
adimg44.jpg,1908,1146,can,202,15,459,622
adimg44.jpg,1908,1146,can,476,28,758,580
adimg44.jpg,1908,1146,can,754,19,1040,596
adimg44.jpg,1908,1146,can,1057,7,1348,601
adimg44.jpg,1908,1146,can,1327,28,1643,596
adimg44.jpg,1908,1146,can,1643,23,1891,596
adimg44.jpg,1908,1146,can,0,609,219,1110
adimg44.jpg,1908,1146,can,198,584,497,1106
adimg44.jpg,1908,1146,can,476,575,762,1115
adimg44.jpg,1908,1146,can,767,575,1049,1115
adimg44.jpg,1908,1146,can,1049,596,1327,1115
adimg44.jpg,1908,1146,can,1348,580,1622,1119
adimg44.jpg,1908,1146,can,1613,563,1887,1115
can_img395.jpg,800,600,can,171,75,639,533
can_img108.jpg,800,600,can,233,141,553,504
img37.jpg,600,450,can,66,23,549,446
can_img91.jpg,800,600,can,635,143,784,462
can_img91.jpg,800,600,can,495,129,636,477
can_img91.jpg,800,600,can,307,108,498,485
can_img91.jpg,800,600,can,160,125,318,475
can_img91.jpg,800,600,can,26,139,157,456
can_img85.jpg,800,600,can,1,104,128,257
can_img85.jpg,800,600,can,157,96,312,252
can_img85.jpg,800,600,can,345,120,503,281
can_img85.jpg,800,600,can,533,109,691,266
can_img85.jpg,800,600,can,724,107,800,278
can_img85.jpg,800,600,can,1,283,121,450
can_img85.jpg,800,600,can,150,275,308,437
can_img85.jpg,800,600,can,338,306,506,473
can_img85.jpg,800,600,can,529,291,693,454
can_img85.jpg,800,600,can,725,299,800,462
